timestamp,open,high,low,close,volume
2025-01-01T00:00:00+00:00,100.00,100.05,99.86,99.89,76.28
2025-01-01T01:00:00+00:00,99.89,100.83,99.32,100.54,17.82
2025-01-01T02:00:00+00:00,100.54,100.58,100.30,100.37,12.39
2025-01-01T03:00:00+00:00,100.37,101.59,99.96,101.45,59.04
2025-01-01T04:00:00+00:00,101.45,102.09,101.44,101.70,82.52
2025-01-01T05:00:00+00:00,101.70,101.79,101.38,101.64,23.99
2025-01-01T06:00:00+00:00,101.64,102.53,101.52,102.46,86.27
2025-01-01T07:00:00+00:00,102.46,103.15,102.13,102.72,75.68
2025-01-01T08:00:00+00:00,102.72,102.90,100.13,100.40,84.65
2025-01-01T09:00:00+00:00,100.40,101.67,100.00,101.23,61.96
2025-01-01T10:00:00+00:00,101.23,101.32,101.17,101.20,17.18
2025-01-01T11:00:00+00:00,101.20,102.00,101.06,101.98,35.02
2025-01-01T12:00:00+00:00,101.98,102.20,101.33,101.47,34.03
2025-01-01T13:00:00+00:00,101.47,102.37,101.30,101.97,64.82
2025-01-01T14:00:00+00:00,101.97,103.14,101.82,102.72,99.06
2025-01-01T15:00:00+00:00,102.72,103.77,102.42,103.53,71.62
2025-01-01T16:00:00+00:00,103.53,104.88,103.52,104.44,38.39
2025-01-01T17:00:00+00:00,104.44,104.76,104.24,104.73,94.86
2025-01-01T18:00:00+00:00,104.73,105.54,104.56,105.36,92.31
2025-01-01T19:00:00+00:00,105.36,105.58,104.61,104.67,32.20
2025-01-01T20:00:00+00:00,104.67,104.76,103.54,104.09,45.95
2025-01-01T21:00:00+00:00,104.09,104.29,102.17,103.19,55.86
2025-01-01T22:00:00+00:00,103.19,103.55,102.86,103.50,81.29
2025-01-01T23:00:00+00:00,103.50,104.47,103.45,104.38,44.35
2025-01-02T00:00:00+00:00,104.38,105.57,103.79,105.56,11.03
2025-01-02T01:00:00+00:00,105.56,105.64,104.87,105.32,58.33
2025-01-02T02:00:00+00:00,105.32,105.75,105.02,105.27,50.84
2025-01-02T03:00:00+00:00,105.27,106.56,105.09,105.97,33.71
2025-01-02T04:00:00+00:00,105.97,105.97,104.98,105.49,36.86
2025-01-02T05:00:00+00:00,105.49,105.76,104.32,104.63,23.76
2025-01-02T06:00:00+00:00,104.63,105.19,104.57,104.81,10.05
2025-01-02T07:00:00+00:00,104.81,104.84,103.77,103.82,93.62
2025-01-02T08:00:00+00:00,103.82,105.54,103.78,105.14,89.02
2025-01-02T09:00:00+00:00,105.14,105.65,105.10,105.53,53.74
2025-01-02T10:00:00+00:00,105.53,107.23,105.52,107.01,52.78
2025-01-02T11:00:00+00:00,107.01,107.24,106.58,106.65,88.52
2025-01-02T12:00:00+00:00,106.65,106.74,105.73,106.20,28.10
2025-01-02T13:00:00+00:00,106.20,106.57,105.05,105.95,68.49
2025-01-02T14:00:00+00:00,105.95,106.09,104.90,105.06,40.43
2025-01-02T15:00:00+00:00,105.06,105.79,104.94,105.61,29.82
2025-01-02T16:00:00+00:00,105.61,107.05,105.52,106.87,87.37
2025-01-02T17:00:00+00:00,106.87,109.12,106.77,108.92,70.21
2025-01-02T18:00:00+00:00,108.92,109.30,108.56,109.15,52.54
2025-01-02T19:00:00+00:00,109.15,109.26,108.27,108.80,27.14
2025-01-02T20:00:00+00:00,108.80,109.89,108.50,109.71,75.62
2025-01-02T21:00:00+00:00,109.71,110.70,108.94,110.29,18.86
2025-01-02T22:00:00+00:00,110.29,110.45,109.60,109.75,27.12
2025-01-02T23:00:00+00:00,109.75,110.05,109.25,109.35,35.07
2025-01-03T00:00:00+00:00,109.35,110.16,108.80,109.48,59.53
2025-01-03T01:00:00+00:00,109.48,111.32,109.13,110.24,85.24
2025-01-03T02:00:00+00:00,110.24,112.52,110.13,112.39,53.71
2025-01-03T03:00:00+00:00,112.39,112.46,111.78,112.08,15.28
2025-01-03T04:00:00+00:00,112.08,112.68,110.27,110.32,50.95
2025-01-03T05:00:00+00:00,110.32,112.69,109.97,112.02,99.59
2025-01-03T06:00:00+00:00,112.02,112.19,110.67,110.81,97.18
2025-01-03T07:00:00+00:00,110.81,111.91,110.64,111.58,77.32
2025-01-03T08:00:00+00:00,111.58,112.97,110.99,112.83,24.17
2025-01-03T09:00:00+00:00,112.83,113.06,112.80,112.94,26.72
2025-01-03T10:00:00+00:00,112.94,113.20,111.96,111.97,90.13
2025-01-03T11:00:00+00:00,111.97,112.58,111.57,112.57,65.74
2025-01-03T12:00:00+00:00,112.57,112.76,110.98,111.67,28.38
2025-01-03T13:00:00+00:00,111.67,111.72,111.31,111.52,45.62
2025-01-03T14:00:00+00:00,111.52,111.75,111.11,111.31,16.53
2025-01-03T15:00:00+00:00,111.31,113.88,111.03,112.84,99.65
2025-01-03T16:00:00+00:00,112.84,113.64,112.77,113.55,89.28
2025-01-03T17:00:00+00:00,113.55,115.99,113.35,115.78,24.20
2025-01-03T18:00:00+00:00,115.78,117.05,115.11,116.64,68.86
2025-01-03T19:00:00+00:00,116.64,117.19,115.05,115.08,36.94
2025-01-03T20:00:00+00:00,115.08,115.69,114.04,114.14,19.63
2025-01-03T21:00:00+00:00,114.14,114.85,114.06,114.63,64.43
2025-01-03T22:00:00+00:00,114.63,114.86,114.47,114.66,53.97
2025-01-03T23:00:00+00:00,114.66,115.14,113.97,114.29,18.31
2025-01-04T00:00:00+00:00,114.29,114.40,113.30,113.81,67.34
2025-01-04T01:00:00+00:00,113.81,114.04,113.32,114.01,59.65
2025-01-04T02:00:00+00:00,114.01,114.07,113.45,114.05,91.35
2025-01-04T03:00:00+00:00,114.05,115.61,113.89,115.07,62.43
2025-01-04T04:00:00+00:00,115.07,115.64,114.84,115.51,81.65
2025-01-04T05:00:00+00:00,115.51,117.88,115.02,117.47,28.91
2025-01-04T06:00:00+00:00,117.47,117.78,117.36,117.64,46.57
2025-01-04T07:00:00+00:00,117.64,117.76,115.85,115.97,93.69
2025-01-04T08:00:00+00:00,115.97,118.37,115.74,117.76,12.23
2025-01-04T09:00:00+00:00,117.76,117.78,115.93,116.20,93.77
2025-01-04T10:00:00+00:00,116.20,117.51,116.11,116.95,80.86
2025-01-04T11:00:00+00:00,116.95,117.42,116.07,116.45,87.27
2025-01-04T12:00:00+00:00,116.45,117.45,116.21,116.91,81.58
2025-01-04T13:00:00+00:00,116.91,117.28,116.84,117.27,27.38
2025-01-04T14:00:00+00:00,117.27,117.79,116.35,116.59,67.73
2025-01-04T15:00:00+00:00,116.59,117.29,116.09,116.60,58.26
2025-01-04T16:00:00+00:00,116.60,117.24,116.42,117.19,96.63
2025-01-04T17:00:00+00:00,117.19,117.27,117.04,117.25,49.11
2025-01-04T18:00:00+00:00,117.25,117.57,116.97,117.32,44.67
2025-01-04T19:00:00+00:00,117.32,117.52,116.71,116.82,73.79
2025-01-04T20:00:00+00:00,116.82,119.05,116.35,119.04,76.78
2025-01-04T21:00:00+00:00,119.04,119.18,118.62,118.87,16.30
2025-01-04T22:00:00+00:00,118.87,119.10,118.40,118.62,74.78
2025-01-04T23:00:00+00:00,118.62,120.48,118.38,120.40,46.76
2025-01-05T00:00:00+00:00,120.40,120.55,119.74,119.96,94.63
2025-01-05T01:00:00+00:00,119.96,121.08,119.37,120.80,65.40
2025-01-05T02:00:00+00:00,120.80,121.16,120.37,120.61,48.69
2025-01-05T03:00:00+00:00,120.61,121.17,120.40,120.78,51.85
2025-01-05T04:00:00+00:00,120.78,120.86,119.73,120.37,81.64
2025-01-05T05:00:00+00:00,120.37,120.92,120.26,120.86,56.39
2025-01-05T06:00:00+00:00,120.86,121.06,120.28,120.49,70.55
2025-01-05T07:00:00+00:00,120.49,120.52,119.09,119.29,12.20
2025-01-05T08:00:00+00:00,119.29,119.83,119.22,119.49,47.30
2025-01-05T09:00:00+00:00,119.49,119.63,119.23,119.38,72.67
2025-01-05T10:00:00+00:00,119.38,119.38,118.85,118.87,77.59
2025-01-05T11:00:00+00:00,118.87,118.98,118.73,118.96,48.26
2025-01-05T12:00:00+00:00,118.96,120.82,118.86,120.14,32.43
2025-01-05T13:00:00+00:00,120.14,120.47,119.87,120.27,82.13
2025-01-05T14:00:00+00:00,120.27,121.05,118.51,119.12,90.23
2025-01-05T15:00:00+00:00,119.12,119.48,117.72,118.04,55.43
2025-01-05T16:00:00+00:00,118.04,119.08,117.64,118.75,52.72
2025-01-05T17:00:00+00:00,118.75,118.76,117.79,118.02,67.39
2025-01-05T18:00:00+00:00,118.02,118.65,117.85,118.29,16.97
2025-01-05T19:00:00+00:00,118.29,118.34,117.70,117.93,38.77
2025-01-05T20:00:00+00:00,117.93,117.97,117.56,117.62,73.58
2025-01-05T21:00:00+00:00,117.62,119.44,117.50,119.15,58.84
2025-01-05T22:00:00+00:00,119.15,119.26,118.21,118.78,62.57
2025-01-05T23:00:00+00:00,118.78,120.08,118.23,119.88,78.90
2025-01-06T00:00:00+00:00,119.88,119.99,119.58,119.96,86.81
2025-01-06T01:00:00+00:00,119.96,121.63,119.87,121.33,77.28
2025-01-06T02:00:00+00:00,121.33,121.44,120.27,120.31,49.23
2025-01-06T03:00:00+00:00,120.31,121.35,120.26,121.09,71.12
2025-01-06T04:00:00+00:00,121.09,121.19,120.64,120.79,66.00
2025-01-06T05:00:00+00:00,120.79,121.33,120.74,121.04,60.80
2025-01-06T06:00:00+00:00,121.04,122.53,120.82,122.46,14.53
2025-01-06T07:00:00+00:00,122.46,123.51,122.32,123.36,39.42
2025-01-06T08:00:00+00:00,123.36,123.86,123.36,123.57,32.70
2025-01-06T09:00:00+00:00,123.57,123.62,121.99,122.02,58.55
2025-01-06T10:00:00+00:00,122.02,123.00,121.71,123.00,68.66
2025-01-06T11:00:00+00:00,123.00,123.02,121.14,121.87,27.94
2025-01-06T12:00:00+00:00,121.87,122.55,121.56,122.52,60.76
2025-01-06T13:00:00+00:00,122.52,123.71,122.07,123.62,79.02
2025-01-06T14:00:00+00:00,123.62,124.72,123.62,124.36,83.74
2025-01-06T15:00:00+00:00,124.36,124.50,124.03,124.06,12.31
2025-01-06T16:00:00+00:00,124.06,124.47,123.39,123.68,74.35
2025-01-06T17:00:00+00:00,123.68,124.09,123.37,123.58,66.45
2025-01-06T18:00:00+00:00,123.58,125.26,123.34,124.95,20.89
2025-01-06T19:00:00+00:00,124.95,125.47,124.04,124.10,41.25
2025-01-06T20:00:00+00:00,124.10,124.22,123.17,123.44,86.46
2025-01-06T21:00:00+00:00,123.44,123.60,123.32,123.54,96.47
2025-01-06T22:00:00+00:00,123.54,123.96,122.47,122.55,76.04
2025-01-06T23:00:00+00:00,122.55,122.78,121.70,121.75,82.74
2025-01-07T00:00:00+00:00,121.75,121.83,120.42,120.86,34.16
2025-01-07T01:00:00+00:00,120.86,121.89,120.41,121.56,17.80
2025-01-07T02:00:00+00:00,121.56,122.32,121.16,122.17,44.11
2025-01-07T03:00:00+00:00,122.17,123.13,122.06,122.56,26.37
2025-01-07T04:00:00+00:00,122.56,123.57,122.22,123.05,73.11
2025-01-07T05:00:00+00:00,123.05,124.73,123.01,124.73,95.33
2025-01-07T06:00:00+00:00,124.73,126.31,124.22,126.07,72.15
2025-01-07T07:00:00+00:00,126.07,126.50,125.79,126.29,81.36
2025-01-07T08:00:00+00:00,126.29,127.04,126.19,126.92,62.34
2025-01-07T09:00:00+00:00,126.92,127.29,126.25,126.31,48.30
2025-01-07T10:00:00+00:00,126.31,126.66,126.24,126.39,32.63
2025-01-07T11:00:00+00:00,126.39,126.53,125.67,125.80,20.76
2025-01-07T12:00:00+00:00,125.80,125.92,124.33,124.41,53.58
2025-01-07T13:00:00+00:00,124.41,125.22,123.60,125.09,57.22
2025-01-07T14:00:00+00:00,125.09,125.23,125.01,125.09,26.15
2025-01-07T15:00:00+00:00,125.09,126.16,125.06,125.79,34.69
2025-01-07T16:00:00+00:00,125.79,127.07,125.74,127.01,88.16
2025-01-07T17:00:00+00:00,127.01,127.62,126.62,126.65,61.67
2025-01-07T18:00:00+00:00,126.65,126.71,125.75,125.78,94.70
2025-01-07T19:00:00+00:00,125.78,126.69,125.71,126.13,46.06
2025-01-07T20:00:00+00:00,126.13,127.54,125.97,127.35,60.66
2025-01-07T21:00:00+00:00,127.35,127.91,126.44,127.59,20.66
2025-01-07T22:00:00+00:00,127.59,128.19,127.54,127.78,57.03
2025-01-07T23:00:00+00:00,127.78,128.09,127.13,127.23,87.41
2025-01-08T00:00:00+00:00,127.23,128.08,126.93,128.07,76.61
2025-01-08T01:00:00+00:00,128.07,128.26,127.22,127.28,28.99
2025-01-08T02:00:00+00:00,127.28,127.43,127.01,127.07,10.24
2025-01-08T03:00:00+00:00,127.07,127.83,126.95,127.45,36.21
2025-01-08T04:00:00+00:00,127.45,128.14,127.35,127.67,71.86
2025-01-08T05:00:00+00:00,127.67,128.14,126.54,126.78,66.26
2025-01-08T06:00:00+00:00,126.78,127.38,125.39,125.73,68.29
2025-01-08T07:00:00+00:00,125.73,126.76,125.42,126.29,16.43
2025-01-08T08:00:00+00:00,126.29,126.96,126.29,126.73,35.97
2025-01-08T09:00:00+00:00,126.73,127.06,125.29,125.61,72.98
2025-01-08T10:00:00+00:00,125.61,126.78,125.49,126.65,13.59
2025-01-08T11:00:00+00:00,126.65,126.95,126.54,126.71,32.53
2025-01-08T12:00:00+00:00,126.71,129.10,126.51,128.68,95.57
2025-01-08T13:00:00+00:00,128.68,129.13,127.71,127.71,34.26
2025-01-08T14:00:00+00:00,127.71,129.34,127.28,129.21,92.45
2025-01-08T15:00:00+00:00,129.21,129.65,128.85,129.49,67.13
2025-01-08T16:00:00+00:00,129.49,129.49,128.97,129.13,70.31
2025-01-08T17:00:00+00:00,129.13,129.98,128.92,129.82,72.43
2025-01-08T18:00:00+00:00,129.82,130.52,129.18,129.33,50.93
2025-01-08T19:00:00+00:00,129.33,129.43,128.06,128.30,97.32
2025-01-08T20:00:00+00:00,128.30,128.51,126.99,127.43,58.83
2025-01-08T21:00:00+00:00,127.43,127.60,127.25,127.35,42.56
2025-01-08T22:00:00+00:00,127.35,127.84,127.34,127.42,59.43
2025-01-08T23:00:00+00:00,127.42,127.71,126.69,126.83,72.84
2025-01-09T00:00:00+00:00,126.83,129.15,126.66,128.59,24.25
2025-01-09T01:00:00+00:00,128.59,128.95,128.06,128.18,18.39
2025-01-09T02:00:00+00:00,128.18,130.20,128.03,130.17,84.89
2025-01-09T03:00:00+00:00,130.17,130.76,130.16,130.28,55.80
2025-01-09T04:00:00+00:00,130.28,130.84,129.81,130.03,59.61
2025-01-09T05:00:00+00:00,130.03,130.54,129.49,129.95,55.74
2025-01-09T06:00:00+00:00,129.95,131.66,129.86,131.25,47.34
2025-01-09T07:00:00+00:00,131.25,133.14,131.10,132.81,83.85
2025-01-09T08:00:00+00:00,132.81,133.06,131.70,132.65,54.07
2025-01-09T09:00:00+00:00,132.65,132.87,130.61,130.91,41.06
2025-01-09T10:00:00+00:00,130.91,131.03,129.57,129.83,26.98
2025-01-09T11:00:00+00:00,129.83,130.16,129.46,130.03,31.02
2025-01-09T12:00:00+00:00,130.03,130.15,130.02,130.06,83.03
2025-01-09T13:00:00+00:00,130.06,130.39,128.34,128.63,83.87
2025-01-09T14:00:00+00:00,128.63,129.69,128.29,129.65,63.12
2025-01-09T15:00:00+00:00,129.65,130.29,129.21,129.87,49.63
2025-01-09T16:00:00+00:00,129.87,129.93,128.81,128.86,68.93
2025-01-09T17:00:00+00:00,128.86,129.05,127.64,127.92,97.23
2025-01-09T18:00:00+00:00,127.92,128.31,126.81,127.16,86.71
2025-01-09T19:00:00+00:00,127.16,127.34,125.48,125.70,38.50
2025-01-09T20:00:00+00:00,125.70,126.20,125.31,125.37,16.16
2025-01-09T21:00:00+00:00,125.37,125.83,124.66,125.15,99.77
2025-01-09T22:00:00+00:00,125.15,125.47,124.75,125.09,88.53
2025-01-09T23:00:00+00:00,125.09,126.22,124.93,125.79,91.31
2025-01-10T00:00:00+00:00,125.79,127.43,125.71,127.28,23.10
2025-01-10T01:00:00+00:00,127.28,128.45,127.20,128.07,81.33
2025-01-10T02:00:00+00:00,128.07,128.30,127.78,128.20,31.67
2025-01-10T03:00:00+00:00,128.20,128.34,127.15,127.24,51.50
2025-01-10T04:00:00+00:00,127.24,127.47,126.62,127.16,91.11
2025-01-10T05:00:00+00:00,127.16,127.28,127.01,127.20,49.76
2025-01-10T06:00:00+00:00,127.20,127.53,126.26,126.47,32.51
2025-01-10T07:00:00+00:00,126.47,126.58,125.51,125.68,44.62
2025-01-10T08:00:00+00:00,125.68,125.70,124.60,124.96,99.34
2025-01-10T09:00:00+00:00,124.96,125.19,123.58,124.38,69.24
2025-01-10T10:00:00+00:00,124.38,124.76,123.94,124.13,14.41
2025-01-10T11:00:00+00:00,124.13,124.41,122.48,122.69,91.37
2025-01-10T12:00:00+00:00,122.69,123.22,122.04,122.26,67.30
2025-01-10T13:00:00+00:00,122.26,122.59,121.35,121.66,74.88
2025-01-10T14:00:00+00:00,121.66,122.14,120.21,120.66,68.17
2025-01-10T15:00:00+00:00,120.66,120.78,118.88,119.18,62.16
2025-01-10T16:00:00+00:00,119.18,119.31,118.92,119.05,25.81
2025-01-10T17:00:00+00:00,119.05,120.66,118.78,120.41,97.43
2025-01-10T18:00:00+00:00,120.41,120.53,118.26,118.37,84.22
2025-01-10T19:00:00+00:00,118.37,118.91,117.62,117.68,77.19
2025-01-10T20:00:00+00:00,117.68,117.80,117.19,117.36,96.99
2025-01-10T21:00:00+00:00,117.36,117.66,116.78,117.15,98.19
2025-01-10T22:00:00+00:00,117.15,118.77,116.80,118.65,11.25
2025-01-10T23:00:00+00:00,118.65,120.07,118.58,119.75,70.55
2025-01-11T00:00:00+00:00,119.75,120.10,118.79,119.10,19.75
2025-01-11T01:00:00+00:00,119.10,119.11,117.02,117.08,89.58
2025-01-11T02:00:00+00:00,117.08,117.33,115.12,115.13,84.15
2025-01-11T03:00:00+00:00,115.13,115.57,115.00,115.36,46.75
2025-01-11T04:00:00+00:00,115.36,117.20,115.24,116.65,18.75
2025-01-11T05:00:00+00:00,116.65,117.66,116.54,117.53,50.83
2025-01-11T06:00:00+00:00,117.53,117.97,116.42,116.72,76.80
2025-01-11T07:00:00+00:00,116.72,116.89,116.05,116.30,18.91
2025-01-11T08:00:00+00:00,116.30,116.32,115.20,115.28,43.35
2025-01-11T09:00:00+00:00,115.28,115.97,114.84,115.10,86.99
2025-01-11T10:00:00+00:00,115.10,116.37,114.30,116.10,42.28
2025-01-11T11:00:00+00:00,116.10,116.26,115.19,115.31,20.99
2025-01-11T12:00:00+00:00,115.31,116.04,115.09,115.77,63.74
2025-01-11T13:00:00+00:00,115.77,116.29,114.49,114.56,31.92
2025-01-11T14:00:00+00:00,114.56,115.54,114.09,115.26,28.64
2025-01-11T15:00:00+00:00,115.26,115.92,114.67,115.79,39.57
2025-01-11T16:00:00+00:00,115.79,117.35,115.19,116.83,23.02
2025-01-11T17:00:00+00:00,116.83,116.99,116.58,116.75,25.70
2025-01-11T18:00:00+00:00,116.75,116.81,115.99,116.52,31.41
2025-01-11T19:00:00+00:00,116.52,116.63,116.36,116.55,14.72
2025-01-11T20:00:00+00:00,116.55,116.92,116.37,116.37,80.02
2025-01-11T21:00:00+00:00,116.37,116.52,115.22,115.23,55.35
2025-01-11T22:00:00+00:00,115.23,115.39,115.11,115.36,56.93
2025-01-11T23:00:00+00:00,115.36,116.11,113.27,113.47,15.47
2025-01-12T00:00:00+00:00,113.47,113.51,112.31,112.44,91.87
2025-01-12T01:00:00+00:00,112.44,112.56,111.30,111.36,64.75
2025-01-12T02:00:00+00:00,111.36,111.99,111.11,111.90,39.27
2025-01-12T03:00:00+00:00,111.90,112.27,110.92,110.93,50.83
2025-01-12T04:00:00+00:00,110.93,111.01,110.30,110.48,68.58
2025-01-12T05:00:00+00:00,110.48,110.54,108.20,108.67,29.35
2025-01-12T06:00:00+00:00,108.67,108.74,107.75,107.93,47.44
2025-01-12T07:00:00+00:00,107.93,108.90,107.75,108.64,69.86
2025-01-12T08:00:00+00:00,108.64,108.76,108.05,108.15,84.86
2025-01-12T09:00:00+00:00,108.15,108.26,107.79,107.86,76.49
2025-01-12T10:00:00+00:00,107.86,108.52,107.53,108.17,39.67
2025-01-12T11:00:00+00:00,108.17,108.37,107.25,107.44,69.88
2025-01-12T12:00:00+00:00,107.44,108.05,107.17,107.32,64.04
2025-01-12T13:00:00+00:00,107.32,107.55,104.54,104.86,29.15
2025-01-12T14:00:00+00:00,104.86,105.04,103.93,104.38,43.08
2025-01-12T15:00:00+00:00,104.38,105.37,103.99,105.34,82.65
2025-01-12T16:00:00+00:00,105.34,107.25,105.17,106.58,67.84
2025-01-12T17:00:00+00:00,106.58,107.26,105.21,105.32,84.65
2025-01-12T18:00:00+00:00,105.32,105.51,105.06,105.13,40.58
2025-01-12T19:00:00+00:00,105.13,105.74,104.24,104.26,60.97
2025-01-12T20:00:00+00:00,104.26,104.36,103.68,103.73,77.15
2025-01-12T21:00:00+00:00,103.73,103.80,103.13,103.43,40.68
2025-01-12T22:00:00+00:00,103.43,103.78,102.25,102.32,17.65
2025-01-12T23:00:00+00:00,102.32,102.48,100.98,101.04,65.61
2025-01-13T00:00:00+00:00,101.04,101.25,100.40,100.58,49.78
2025-01-13T01:00:00+00:00,100.58,100.65,99.07,99.57,20.24
2025-01-13T02:00:00+00:00,99.57,99.67,98.62,98.77,70.04
2025-01-13T03:00:00+00:00,98.77,99.06,97.62,97.71,63.94
2025-01-13T04:00:00+00:00,97.71,98.35,97.67,98.34,33.00
2025-01-13T05:00:00+00:00,98.34,98.71,98.31,98.69,77.23
2025-01-13T06:00:00+00:00,98.69,99.22,98.59,98.96,85.00
2025-01-13T07:00:00+00:00,98.96,99.00,97.71,97.82,87.56
2025-01-13T08:00:00+00:00,97.82,97.87,97.29,97.86,61.82
2025-01-13T09:00:00+00:00,97.86,98.28,96.67,96.88,47.59
2025-01-13T10:00:00+00:00,96.88,96.93,96.64,96.89,65.63
2025-01-13T11:00:00+00:00,96.89,98.54,96.31,98.21,17.93
2025-01-13T12:00:00+00:00,98.21,98.65,97.90,98.46,45.62
2025-01-13T13:00:00+00:00,98.46,98.56,97.51,97.76,39.98
2025-01-13T14:00:00+00:00,97.76,98.48,97.49,98.17,91.53
2025-01-13T15:00:00+00:00,98.17,99.03,97.77,98.75,83.71
2025-01-13T16:00:00+00:00,98.75,99.10,98.63,98.89,64.22
2025-01-13T17:00:00+00:00,98.89,99.28,98.46,99.25,25.94
2025-01-13T18:00:00+00:00,99.25,99.63,99.23,99.28,50.40
2025-01-13T19:00:00+00:00,99.28,99.62,97.46,97.64,67.18
2025-01-13T20:00:00+00:00,97.64,98.06,96.13,96.25,16.15
2025-01-13T21:00:00+00:00,96.25,96.49,95.67,95.76,34.72
2025-01-13T22:00:00+00:00,95.76,96.78,95.64,96.65,15.12
2025-01-13T23:00:00+00:00,96.65,97.52,96.55,97.46,87.78
2025-01-14T00:00:00+00:00,97.46,98.44,97.12,98.11,59.89
2025-01-14T01:00:00+00:00,98.11,98.27,97.34,97.95,50.48
2025-01-14T02:00:00+00:00,97.95,98.73,97.80,98.32,23.58
2025-01-14T03:00:00+00:00,98.32,99.26,98.27,99.14,90.92
2025-01-14T04:00:00+00:00,99.14,99.53,98.05,98.24,32.30
2025-01-14T05:00:00+00:00,98.24,98.54,97.99,98.12,57.05
2025-01-14T06:00:00+00:00,98.12,98.73,98.05,98.48,40.45
2025-01-14T07:00:00+00:00,98.48,99.72,98.18,99.28,68.26
2025-01-14T08:00:00+00:00,99.28,99.60,99.18,99.55,75.14
2025-01-14T09:00:00+00:00,99.55,99.91,98.24,98.78,88.60
2025-01-14T10:00:00+00:00,98.78,99.13,97.91,98.09,97.09
2025-01-14T11:00:00+00:00,98.09,98.74,97.81,98.64,63.55
2025-01-14T12:00:00+00:00,98.64,99.36,98.26,99.26,83.19
2025-01-14T13:00:00+00:00,99.26,100.55,98.77,100.28,76.49
2025-01-14T14:00:00+00:00,100.28,100.62,99.56,99.76,42.56
2025-01-14T15:00:00+00:00,99.76,99.88,98.77,98.91,29.28
2025-01-14T16:00:00+00:00,98.91,99.92,98.89,99.81,16.94
2025-01-14T17:00:00+00:00,99.81,100.28,99.69,100.21,79.38
2025-01-14T18:00:00+00:00,100.21,101.61,99.94,101.07,78.97
2025-01-14T19:00:00+00:00,101.07,101.38,100.86,101.18,24.60
2025-01-14T20:00:00+00:00,101.18,102.30,101.11,101.85,49.39
2025-01-14T21:00:00+00:00,101.85,102.23,101.03,101.27,31.38
2025-01-14T22:00:00+00:00,101.27,101.35,100.49,100.50,58.06
2025-01-14T23:00:00+00:00,100.50,100.70,98.93,99.44,52.21
2025-01-15T00:00:00+00:00,99.44,100.05,98.62,99.80,51.55
2025-01-15T01:00:00+00:00,99.80,99.86,98.59,98.88,57.47
2025-01-15T02:00:00+00:00,98.88,100.55,98.83,100.43,32.50
2025-01-15T03:00:00+00:00,100.43,100.82,99.42,99.90,59.91
2025-01-15T04:00:00+00:00,99.90,101.57,99.75,101.22,78.68
2025-01-15T05:00:00+00:00,101.22,101.32,99.92,100.56,23.26
2025-01-15T06:00:00+00:00,100.56,100.84,98.43,98.49,41.46
2025-01-15T07:00:00+00:00,98.49,99.50,98.47,99.40,55.18
2025-01-15T08:00:00+00:00,99.40,100.57,99.35,99.60,93.77
2025-01-15T09:00:00+00:00,99.60,99.93,99.23,99.70,81.22
2025-01-15T10:00:00+00:00,99.70,100.31,99.48,100.12,22.49
2025-01-15T11:00:00+00:00,100.12,100.21,98.54,98.85,10.47
2025-01-15T12:00:00+00:00,98.85,99.52,98.66,99.41,75.45
2025-01-15T13:00:00+00:00,99.41,99.56,98.36,98.39,35.93
2025-01-15T14:00:00+00:00,98.39,98.48,97.79,98.25,51.14
2025-01-15T15:00:00+00:00,98.25,99.48,97.84,98.98,63.71
2025-01-15T16:00:00+00:00,98.98,100.06,98.97,100.02,48.63
2025-01-15T17:00:00+00:00,100.02,100.65,99.87,100.48,47.49
2025-01-15T18:00:00+00:00,100.48,100.59,100.14,100.25,57.35
2025-01-15T19:00:00+00:00,100.25,101.14,100.12,100.16,59.87
2025-01-15T20:00:00+00:00,100.16,100.38,98.79,99.35,32.83
2025-01-15T21:00:00+00:00,99.35,99.87,97.36,97.41,41.03
2025-01-15T22:00:00+00:00,97.41,97.83,97.18,97.25,39.93
2025-01-15T23:00:00+00:00,97.25,97.61,95.67,95.77,83.22
2025-01-16T00:00:00+00:00,95.77,96.92,95.32,96.46,66.86
2025-01-16T01:00:00+00:00,96.46,96.79,96.36,96.74,79.86
2025-01-16T02:00:00+00:00,96.74,96.81,95.81,96.00,13.77
2025-01-16T03:00:00+00:00,96.00,96.48,95.86,96.15,99.02
2025-01-16T04:00:00+00:00,96.15,96.21,95.47,95.48,42.13
2025-01-16T05:00:00+00:00,95.48,95.59,94.29,94.88,39.87
2025-01-16T06:00:00+00:00,94.88,95.69,94.50,95.49,90.52
2025-01-16T07:00:00+00:00,95.49,96.10,94.00,94.53,54.66
2025-01-16T08:00:00+00:00,94.53,94.54,91.95,92.48,75.44
2025-01-16T09:00:00+00:00,92.48,92.84,92.09,92.29,84.01
2025-01-16T10:00:00+00:00,92.29,92.36,91.14,91.53,37.58
2025-01-16T11:00:00+00:00,91.53,92.43,91.34,92.17,72.08
2025-01-16T12:00:00+00:00,92.17,92.24,91.83,92.02,99.83
2025-01-16T13:00:00+00:00,92.02,92.15,90.59,91.42,95.31
2025-01-16T14:00:00+00:00,91.42,92.77,91.07,92.58,71.15
2025-01-16T15:00:00+00:00,92.58,93.98,92.53,93.82,64.68
2025-01-16T16:00:00+00:00,93.82,93.96,93.34,93.88,42.97
2025-01-16T17:00:00+00:00,93.88,94.83,93.62,94.54,64.46
2025-01-16T18:00:00+00:00,94.54,95.20,93.27,93.62,61.65
2025-01-16T19:00:00+00:00,93.62,95.04,93.56,94.74,68.46
2025-01-16T20:00:00+00:00,94.74,94.92,94.71,94.77,44.83
2025-01-16T21:00:00+00:00,94.77,94.99,93.66,93.75,33.43
2025-01-16T22:00:00+00:00,93.75,94.08,90.79,90.93,54.21
2025-01-16T23:00:00+00:00,90.93,93.35,90.53,92.92,50.68
2025-01-17T00:00:00+00:00,92.92,93.94,92.54,93.75,86.10
2025-01-17T01:00:00+00:00,93.75,94.62,93.50,94.50,15.84
2025-01-17T02:00:00+00:00,94.50,94.67,92.43,92.71,93.46
2025-01-17T03:00:00+00:00,92.71,93.06,91.21,91.62,55.79
2025-01-17T04:00:00+00:00,91.62,92.24,91.28,92.10,12.37
2025-01-17T05:00:00+00:00,92.10,93.64,92.00,93.37,82.33
2025-01-17T06:00:00+00:00,93.37,93.50,92.03,92.25,99.96
2025-01-17T07:00:00+00:00,92.25,92.77,91.89,92.70,79.22
2025-01-17T08:00:00+00:00,92.70,93.02,92.28,92.92,50.50
2025-01-17T09:00:00+00:00,92.92,93.03,92.50,92.75,89.02
2025-01-17T10:00:00+00:00,92.75,93.48,92.43,93.06,48.94
2025-01-17T11:00:00+00:00,93.06,95.34,93.00,95.25,21.17
2025-01-17T12:00:00+00:00,95.25,95.78,95.05,95.63,41.14
2025-01-17T13:00:00+00:00,95.63,97.56,95.40,96.97,86.13
2025-01-17T14:00:00+00:00,96.97,97.46,96.82,97.04,37.25
2025-01-17T15:00:00+00:00,97.04,97.38,96.89,96.96,25.18
2025-01-17T16:00:00+00:00,96.96,97.59,96.70,97.53,64.46
2025-01-17T17:00:00+00:00,97.53,97.74,96.07,96.40,84.27
2025-01-17T18:00:00+00:00,96.40,96.76,96.15,96.75,68.60
2025-01-17T19:00:00+00:00,96.75,96.78,95.60,95.91,67.51
2025-01-17T20:00:00+00:00,95.91,95.92,94.55,94.74,53.47
2025-01-17T21:00:00+00:00,94.74,97.16,94.31,97.01,36.77
2025-01-17T22:00:00+00:00,97.01,97.43,96.69,97.38,28.36
2025-01-17T23:00:00+00:00,97.38,98.06,97.22,97.86,74.65
2025-01-18T00:00:00+00:00,97.86,98.45,97.62,97.77,43.35
2025-01-18T01:00:00+00:00,97.77,98.04,97.67,97.80,51.98
2025-01-18T02:00:00+00:00,97.80,98.05,97.59,97.82,44.57
2025-01-18T03:00:00+00:00,97.82,98.52,97.67,98.35,87.88
2025-01-18T04:00:00+00:00,98.35,99.11,98.12,98.88,78.68
2025-01-18T05:00:00+00:00,98.88,99.24,98.62,98.62,54.89
2025-01-18T06:00:00+00:00,98.62,98.72,98.28,98.66,97.00
2025-01-18T07:00:00+00:00,98.66,98.72,98.13,98.40,14.55
2025-01-18T08:00:00+00:00,98.40,98.42,96.46,96.65,58.30
2025-01-18T09:00:00+00:00,96.65,96.84,95.67,95.93,89.42
2025-01-18T10:00:00+00:00,95.93,96.44,95.63,95.83,61.33
2025-01-18T11:00:00+00:00,95.83,96.76,95.47,96.63,16.62
2025-01-18T12:00:00+00:00,96.63,96.64,95.05,95.21,71.24
2025-01-18T13:00:00+00:00,95.21,98.59,94.66,97.99,45.45
2025-01-18T14:00:00+00:00,97.99,98.61,97.53,98.34,27.92
2025-01-18T15:00:00+00:00,98.34,98.70,97.88,97.90,14.08
2025-01-18T16:00:00+00:00,97.90,98.76,97.58,98.56,64.56
2025-01-18T17:00:00+00:00,98.56,99.11,98.53,98.85,65.18
2025-01-18T18:00:00+00:00,98.85,101.20,98.83,100.41,40.27
2025-01-18T19:00:00+00:00,100.41,100.59,99.46,99.79,73.79
2025-01-18T20:00:00+00:00,99.79,100.31,99.11,99.41,98.19
2025-01-18T21:00:00+00:00,99.41,101.00,99.14,100.54,75.28
2025-01-18T22:00:00+00:00,100.54,100.66,99.76,100.59,80.46
2025-01-18T23:00:00+00:00,100.59,101.17,100.20,101.10,74.93
2025-01-19T00:00:00+00:00,101.10,101.20,100.48,100.77,85.71
2025-01-19T01:00:00+00:00,100.77,101.04,99.64,100.00,12.84
2025-01-19T02:00:00+00:00,100.00,100.60,99.74,100.55,23.63
2025-01-19T03:00:00+00:00,100.55,100.90,100.27,100.79,79.75
2025-01-19T04:00:00+00:00,100.79,102.83,100.78,102.54,22.43
2025-01-19T05:00:00+00:00,102.54,102.61,102.11,102.36,69.60
2025-01-19T06:00:00+00:00,102.36,102.41,101.43,101.74,40.81
2025-01-19T07:00:00+00:00,101.74,103.96,101.33,103.65,74.88
2025-01-19T08:00:00+00:00,103.65,104.01,102.79,102.94,32.19
2025-01-19T09:00:00+00:00,102.94,103.14,102.64,102.71,97.56
2025-01-19T10:00:00+00:00,102.71,102.95,102.52,102.65,38.53
2025-01-19T11:00:00+00:00,102.65,104.56,102.08,104.16,81.59
2025-01-19T12:00:00+00:00,104.16,104.40,104.03,104.25,98.21
2025-01-19T13:00:00+00:00,104.25,104.56,102.94,103.61,82.42
2025-01-19T14:00:00+00:00,103.61,103.85,103.52,103.58,49.81
2025-01-19T15:00:00+00:00,103.58,103.60,102.59,102.93,28.19
2025-01-19T16:00:00+00:00,102.93,103.10,101.01,101.06,65.41
2025-01-19T17:00:00+00:00,101.06,101.25,100.64,100.76,70.29
2025-01-19T18:00:00+00:00,100.76,100.84,99.37,99.66,74.56
2025-01-19T19:00:00+00:00,99.66,100.54,99.36,100.12,10.47
2025-01-19T20:00:00+00:00,100.12,100.34,97.73,98.32,89.06
2025-01-19T21:00:00+00:00,98.32,99.84,98.29,99.64,96.75
2025-01-19T22:00:00+00:00,99.64,100.03,99.14,99.25,61.67
2025-01-19T23:00:00+00:00,99.25,99.72,99.09,99.20,94.30
2025-01-20T00:00:00+00:00,99.20,99.94,99.06,99.84,92.77
2025-01-20T01:00:00+00:00,99.84,100.14,99.62,99.63,54.58
2025-01-20T02:00:00+00:00,99.63,102.22,99.08,101.92,10.83
2025-01-20T03:00:00+00:00,101.92,102.05,101.20,101.26,98.47
2025-01-20T04:00:00+00:00,101.26,102.14,100.51,100.84,94.47
2025-01-20T05:00:00+00:00,100.84,101.04,100.46,100.73,27.35
2025-01-20T06:00:00+00:00,100.73,101.42,100.51,101.30,26.76
2025-01-20T07:00:00+00:00,101.30,101.70,100.78,101.65,61.10
2025-01-20T08:00:00+00:00,101.65,102.03,101.25,101.85,84.43
2025-01-20T09:00:00+00:00,101.85,101.97,100.49,100.51,70.23
2025-01-20T10:00:00+00:00,100.51,101.02,100.41,100.87,33.47
2025-01-20T11:00:00+00:00,100.87,101.70,100.37,101.65,95.86
2025-01-20T12:00:00+00:00,101.65,102.11,100.92,101.36,72.35
2025-01-20T13:00:00+00:00,101.36,101.76,101.30,101.62,37.61
2025-01-20T14:00:00+00:00,101.62,101.82,100.54,100.91,37.99
2025-01-20T15:00:00+00:00,100.91,101.41,99.77,100.22,36.55
2025-01-20T16:00:00+00:00,100.22,100.36,99.80,99.92,77.30
2025-01-20T17:00:00+00:00,99.92,100.72,99.72,100.47,59.43
2025-01-20T18:00:00+00:00,100.47,100.54,99.43,99.54,32.27
2025-01-20T19:00:00+00:00,99.54,99.56,98.56,99.17,17.37
2025-01-20T20:00:00+00:00,99.17,99.32,97.67,98.01,15.56
2025-01-20T21:00:00+00:00,98.01,99.07,97.91,98.73,61.54
2025-01-20T22:00:00+00:00,98.73,99.59,98.58,99.37,28.49
2025-01-20T23:00:00+00:00,99.37,99.60,99.31,99.48,55.93
2025-01-21T00:00:00+00:00,99.48,100.32,99.15,100.01,15.20
2025-01-21T01:00:00+00:00,100.01,100.62,99.88,100.09,75.10
2025-01-21T02:00:00+00:00,100.09,100.43,98.94,98.95,14.08
2025-01-21T03:00:00+00:00,98.95,99.01,97.84,97.93,99.47
2025-01-21T04:00:00+00:00,97.93,98.45,97.86,98.41,46.80
2025-01-21T05:00:00+00:00,98.41,98.54,97.90,98.48,98.05
2025-01-21T06:00:00+00:00,98.48,98.73,97.78,98.08,88.27
2025-01-21T07:00:00+00:00,98.08,98.44,97.92,98.20,71.45
2025-01-21T08:00:00+00:00,98.20,98.52,97.62,97.78,26.06
2025-01-21T09:00:00+00:00,97.78,98.13,97.17,97.26,75.51
2025-01-21T10:00:00+00:00,97.26,97.46,97.01,97.43,70.61
2025-01-21T11:00:00+00:00,97.43,98.06,97.33,97.70,84.10
2025-01-21T12:00:00+00:00,97.70,98.15,97.59,97.88,75.25
2025-01-21T13:00:00+00:00,97.88,100.54,97.52,100.13,47.73
2025-01-21T14:00:00+00:00,100.13,101.09,99.92,100.47,19.08
2025-01-21T15:00:00+00:00,100.47,101.09,100.39,100.69,73.30
2025-01-21T16:00:00+00:00,100.69,102.41,100.51,102.26,29.55
2025-01-21T17:00:00+00:00,102.26,102.86,102.18,102.80,55.35
2025-01-21T18:00:00+00:00,102.80,103.33,102.52,102.55,63.81
2025-01-21T19:00:00+00:00,102.55,102.67,101.68,101.92,37.16
2025-01-21T20:00:00+00:00,101.92,103.24,101.87,102.89,15.49
2025-01-21T21:00:00+00:00,102.89,104.38,102.70,103.79,92.04
2025-01-21T22:00:00+00:00,103.79,104.02,102.47,103.28,94.74
2025-01-21T23:00:00+00:00,103.28,103.74,102.81,103.49,38.69
2025-01-22T00:00:00+00:00,103.49,103.58,102.84,103.20,52.62
2025-01-22T01:00:00+00:00,103.20,104.55,102.99,104.40,73.68
2025-01-22T02:00:00+00:00,104.40,105.86,103.67,105.23,60.16
2025-01-22T03:00:00+00:00,105.23,105.38,104.31,104.47,28.30
2025-01-22T04:00:00+00:00,104.47,105.01,103.31,103.39,75.21
2025-01-22T05:00:00+00:00,103.39,103.47,102.98,103.20,70.63
2025-01-22T06:00:00+00:00,103.20,103.57,101.69,101.88,75.19
2025-01-22T07:00:00+00:00,101.88,103.75,101.76,103.43,88.25
2025-01-22T08:00:00+00:00,103.43,104.08,101.74,102.44,96.59
2025-01-22T09:00:00+00:00,102.44,103.66,101.65,102.78,53.10
2025-01-22T10:00:00+00:00,102.78,103.38,102.60,102.97,59.69
2025-01-22T11:00:00+00:00,102.97,105.07,102.68,105.02,58.03
2025-01-22T12:00:00+00:00,105.02,105.20,104.36,104.71,18.87
2025-01-22T13:00:00+00:00,104.71,105.09,104.67,104.75,85.58
2025-01-22T14:00:00+00:00,104.75,105.77,104.42,105.62,29.91
2025-01-22T15:00:00+00:00,105.62,106.49,105.44,106.34,94.13
2025-01-22T16:00:00+00:00,106.34,106.49,105.49,105.64,44.19
2025-01-22T17:00:00+00:00,105.64,106.60,105.34,106.42,68.91
2025-01-22T18:00:00+00:00,106.42,106.64,105.93,106.27,67.75
2025-01-22T19:00:00+00:00,106.27,106.45,104.26,104.27,81.55
2025-01-22T20:00:00+00:00,104.27,105.50,103.61,105.09,58.79
2025-01-22T21:00:00+00:00,105.09,105.41,105.01,105.35,13.04
2025-01-22T22:00:00+00:00,105.35,107.29,105.10,106.70,47.12
2025-01-22T23:00:00+00:00,106.70,106.82,105.29,105.47,73.65
2025-01-23T00:00:00+00:00,105.47,106.67,105.18,106.65,70.01
2025-01-23T01:00:00+00:00,106.65,107.90,106.42,107.65,53.91
2025-01-23T02:00:00+00:00,107.65,108.91,107.28,108.89,34.73
2025-01-23T03:00:00+00:00,108.89,109.13,108.88,109.07,83.18
2025-01-23T04:00:00+00:00,109.07,109.56,108.30,108.42,18.67
2025-01-23T05:00:00+00:00,108.42,108.54,108.13,108.29,57.38
2025-01-23T06:00:00+00:00,108.29,108.89,108.06,108.67,46.54
2025-01-23T07:00:00+00:00,108.67,110.12,108.31,109.29,30.33
2025-01-23T08:00:00+00:00,109.29,109.82,108.34,108.67,78.36
2025-01-23T09:00:00+00:00,108.67,108.92,107.14,107.30,59.74
2025-01-23T10:00:00+00:00,107.30,107.52,107.13,107.50,49.05
2025-01-23T11:00:00+00:00,107.50,108.60,107.12,108.52,87.22
2025-01-23T12:00:00+00:00,108.52,109.72,108.32,109.51,88.13
2025-01-23T13:00:00+00:00,109.51,110.01,109.29,109.76,14.19
2025-01-23T14:00:00+00:00,109.76,111.97,109.44,111.66,12.96
2025-01-23T15:00:00+00:00,111.66,111.90,110.94,111.05,96.53
2025-01-23T16:00:00+00:00,111.05,111.31,109.77,109.84,16.92
2025-01-23T17:00:00+00:00,109.84,109.96,108.84,109.03,85.12
2025-01-23T18:00:00+00:00,109.03,109.44,107.38,107.63,22.60
2025-01-23T19:00:00+00:00,107.63,109.49,107.59,109.01,55.07
2025-01-23T20:00:00+00:00,109.01,109.38,108.48,109.37,40.65
2025-01-23T21:00:00+00:00,109.37,110.18,108.63,110.09,45.70
2025-01-23T22:00:00+00:00,110.09,110.25,109.95,110.18,54.15
2025-01-23T23:00:00+00:00,110.18,113.47,109.62,113.03,48.87
2025-01-24T00:00:00+00:00,113.03,113.42,112.16,112.51,81.82
2025-01-24T01:00:00+00:00,112.51,113.23,112.39,113.20,23.88
2025-01-24T02:00:00+00:00,113.20,113.62,112.93,112.95,19.59
2025-01-24T03:00:00+00:00,112.95,113.21,112.20,112.21,42.39
2025-01-24T04:00:00+00:00,112.21,112.37,112.07,112.20,59.93
2025-01-24T05:00:00+00:00,112.20,113.20,112.16,113.14,41.85
2025-01-24T06:00:00+00:00,113.14,114.42,113.01,114.20,36.27
2025-01-24T07:00:00+00:00,114.20,115.12,114.11,115.02,91.10
2025-01-24T08:00:00+00:00,115.02,117.58,114.86,117.12,44.27
2025-01-24T09:00:00+00:00,117.12,117.28,116.72,116.91,54.38
2025-01-24T10:00:00+00:00,116.91,117.95,116.61,117.83,16.92
2025-01-24T11:00:00+00:00,117.83,118.35,117.60,118.34,66.25
2025-01-24T12:00:00+00:00,118.34,118.45,117.67,117.87,95.39
2025-01-24T13:00:00+00:00,117.87,118.58,117.51,118.37,82.37
2025-01-24T14:00:00+00:00,118.37,118.61,117.76,118.00,97.68
2025-01-24T15:00:00+00:00,118.00,118.18,116.19,116.38,95.26
2025-01-24T16:00:00+00:00,116.38,116.88,115.61,116.64,36.23
2025-01-24T17:00:00+00:00,116.64,116.75,115.80,116.12,61.83
2025-01-24T18:00:00+00:00,116.12,116.47,116.00,116.17,20.25
2025-01-24T19:00:00+00:00,116.17,116.54,115.20,115.36,59.11
2025-01-24T20:00:00+00:00,115.36,115.70,114.57,114.89,73.75
2025-01-24T21:00:00+00:00,114.89,115.12,114.51,114.60,72.36
2025-01-24T22:00:00+00:00,114.60,115.76,114.30,115.27,67.00
2025-01-24T23:00:00+00:00,115.27,115.86,114.83,115.84,74.37
2025-01-25T00:00:00+00:00,115.84,116.03,115.50,115.92,46.07
2025-01-25T01:00:00+00:00,115.92,116.59,115.82,115.85,72.25
2025-01-25T02:00:00+00:00,115.85,115.99,113.90,114.31,58.32
2025-01-25T03:00:00+00:00,114.31,115.85,114.21,115.77,79.21
2025-01-25T04:00:00+00:00,115.77,116.01,115.24,115.29,98.52
2025-01-25T05:00:00+00:00,115.29,115.43,114.79,115.06,77.74
2025-01-25T06:00:00+00:00,115.06,116.04,114.83,115.97,55.96
2025-01-25T07:00:00+00:00,115.97,116.39,115.92,115.99,61.77
2025-01-25T08:00:00+00:00,115.99,116.09,115.07,115.12,55.04
2025-01-25T09:00:00+00:00,115.12,115.16,113.85,113.91,19.41
2025-01-25T10:00:00+00:00,113.91,114.29,111.36,111.89,22.75
2025-01-25T11:00:00+00:00,111.89,113.41,111.58,113.28,28.62
2025-01-25T12:00:00+00:00,113.28,113.32,111.80,112.23,38.70
2025-01-25T13:00:00+00:00,112.23,112.89,111.71,112.72,20.36
2025-01-25T14:00:00+00:00,112.72,113.79,112.64,113.44,98.55
2025-01-25T15:00:00+00:00,113.44,113.45,112.73,112.91,24.41
2025-01-25T16:00:00+00:00,112.91,113.19,110.72,110.76,26.60
2025-01-25T17:00:00+00:00,110.76,111.83,110.51,111.62,12.63
2025-01-25T18:00:00+00:00,111.62,111.75,110.88,111.12,73.43
2025-01-25T19:00:00+00:00,111.12,111.26,110.10,110.59,82.79
2025-01-25T20:00:00+00:00,110.59,110.97,110.45,110.92,39.34
2025-01-25T21:00:00+00:00,110.92,111.14,110.38,110.44,87.64
2025-01-25T22:00:00+00:00,110.44,110.52,108.78,109.12,62.83
2025-01-25T23:00:00+00:00,109.12,109.46,107.88,108.35,65.56
2025-01-26T00:00:00+00:00,108.35,109.27,108.23,108.84,17.63
2025-01-26T01:00:00+00:00,108.84,110.07,108.73,109.97,37.48
2025-01-26T02:00:00+00:00,109.97,110.89,109.65,110.47,22.41
2025-01-26T03:00:00+00:00,110.47,110.61,110.21,110.33,67.20
2025-01-26T04:00:00+00:00,110.33,110.74,109.43,109.81,54.07
2025-01-26T05:00:00+00:00,109.81,109.98,109.54,109.74,50.59
2025-01-26T06:00:00+00:00,109.74,110.56,109.58,110.47,83.37
2025-01-26T07:00:00+00:00,110.47,110.81,110.34,110.42,54.55
2025-01-26T08:00:00+00:00,110.42,110.71,109.79,109.97,17.44
2025-01-26T09:00:00+00:00,109.97,110.47,108.91,109.01,36.29
2025-01-26T10:00:00+00:00,109.01,109.38,108.59,108.76,76.83
2025-01-26T11:00:00+00:00,108.76,109.58,108.38,109.54,20.19
2025-01-26T12:00:00+00:00,109.54,110.97,109.41,110.63,84.03
2025-01-26T13:00:00+00:00,110.63,111.09,109.65,109.77,59.17
2025-01-26T14:00:00+00:00,109.77,110.11,109.53,110.10,36.79
2025-01-26T15:00:00+00:00,110.10,110.43,108.69,108.69,41.37
2025-01-26T16:00:00+00:00,108.69,109.29,108.17,108.99,31.33
2025-01-26T17:00:00+00:00,108.99,109.14,108.47,108.84,41.56
2025-01-26T18:00:00+00:00,108.84,109.25,108.35,108.44,28.60
2025-01-26T19:00:00+00:00,108.44,108.79,108.33,108.76,41.57
2025-01-26T20:00:00+00:00,108.76,109.13,108.24,108.45,36.04
2025-01-26T21:00:00+00:00,108.45,109.67,107.86,109.61,98.69
2025-01-26T22:00:00+00:00,109.61,109.73,108.82,109.33,92.69
2025-01-26T23:00:00+00:00,109.33,109.93,108.83,108.86,21.42
2025-01-27T00:00:00+00:00,108.86,109.38,108.73,109.21,78.53
2025-01-27T01:00:00+00:00,109.21,109.37,107.16,107.47,61.97
2025-01-27T02:00:00+00:00,107.47,107.78,106.85,107.25,89.21
2025-01-27T03:00:00+00:00,107.25,107.82,107.05,107.52,35.04
2025-01-27T04:00:00+00:00,107.52,108.32,107.27,108.21,10.22
2025-01-27T05:00:00+00:00,108.21,108.28,107.37,107.85,75.78
2025-01-27T06:00:00+00:00,107.85,107.96,106.39,106.45,58.10
2025-01-27T07:00:00+00:00,106.45,106.66,106.14,106.59,29.07
2025-01-27T08:00:00+00:00,106.59,107.15,106.08,106.28,60.95
2025-01-27T09:00:00+00:00,106.28,107.45,106.26,107.18,71.43
2025-01-27T10:00:00+00:00,107.18,107.49,107.10,107.45,21.18
2025-01-27T11:00:00+00:00,107.45,107.65,106.11,106.36,10.06
2025-01-27T12:00:00+00:00,106.36,106.88,106.30,106.82,68.50
2025-01-27T13:00:00+00:00,106.82,107.20,105.68,106.26,34.66
2025-01-27T14:00:00+00:00,106.26,106.45,105.31,105.76,24.90
2025-01-27T15:00:00+00:00,105.76,107.24,105.60,107.04,72.95
2025-01-27T16:00:00+00:00,107.04,107.48,107.03,107.05,52.91
2025-01-27T17:00:00+00:00,107.05,107.19,106.73,106.88,71.20
2025-01-27T18:00:00+00:00,106.88,108.17,106.52,108.15,48.01
2025-01-27T19:00:00+00:00,108.15,108.22,105.49,105.58,44.48
2025-01-27T20:00:00+00:00,105.58,105.72,105.16,105.40,22.34
2025-01-27T21:00:00+00:00,105.40,107.06,104.91,106.99,21.98
2025-01-27T22:00:00+00:00,106.99,107.37,106.95,107.36,68.50
2025-01-27T23:00:00+00:00,107.36,107.81,107.04,107.21,66.53
2025-01-28T00:00:00+00:00,107.21,107.87,106.98,107.62,17.80
2025-01-28T01:00:00+00:00,107.62,108.03,105.55,105.85,63.06
2025-01-28T02:00:00+00:00,105.85,106.36,103.93,104.00,34.93
2025-01-28T03:00:00+00:00,104.00,104.65,103.80,104.32,64.00
2025-01-28T04:00:00+00:00,104.32,104.65,102.76,102.97,69.26
2025-01-28T05:00:00+00:00,102.97,103.09,100.88,101.22,55.86
2025-01-28T06:00:00+00:00,101.22,101.47,100.48,101.08,95.92
2025-01-28T07:00:00+00:00,101.08,101.74,101.07,101.60,54.96
2025-01-28T08:00:00+00:00,101.60,101.80,99.68,100.55,94.05
2025-01-28T09:00:00+00:00,100.55,100.95,99.61,100.05,61.15
2025-01-28T10:00:00+00:00,100.05,100.39,98.96,99.02,79.33
2025-01-28T11:00:00+00:00,99.02,99.13,96.64,96.66,33.60
2025-01-28T12:00:00+00:00,96.66,96.86,96.57,96.83,66.57
2025-01-28T13:00:00+00:00,96.83,97.14,95.66,95.67,73.16
2025-01-28T14:00:00+00:00,95.67,96.69,95.49,96.51,37.89
2025-01-28T15:00:00+00:00,96.51,96.71,95.88,95.89,82.73
2025-01-28T16:00:00+00:00,95.89,95.96,94.51,94.89,71.30
2025-01-28T17:00:00+00:00,94.89,95.32,93.30,93.49,75.70
2025-01-28T18:00:00+00:00,93.49,93.62,93.21,93.53,50.80
2025-01-28T19:00:00+00:00,93.53,94.10,93.37,93.90,76.75
2025-01-28T20:00:00+00:00,93.90,94.05,93.62,93.74,24.74
2025-01-28T21:00:00+00:00,93.74,94.09,92.16,92.27,80.47
2025-01-28T22:00:00+00:00,92.27,92.44,91.67,92.04,34.19
2025-01-28T23:00:00+00:00,92.04,93.42,91.70,93.03,12.64
2025-01-29T00:00:00+00:00,93.03,93.38,92.60,93.16,61.90
2025-01-29T01:00:00+00:00,93.16,93.88,93.00,93.59,42.41
2025-01-29T02:00:00+00:00,93.59,93.59,92.14,92.30,19.26
2025-01-29T03:00:00+00:00,92.30,93.11,92.08,92.68,30.56
2025-01-29T04:00:00+00:00,92.68,92.69,92.14,92.29,52.46
2025-01-29T05:00:00+00:00,92.29,92.42,91.54,91.65,93.80
2025-01-29T06:00:00+00:00,91.65,92.54,91.23,92.24,47.74
2025-01-29T07:00:00+00:00,92.24,92.38,91.08,91.36,74.83
2025-01-29T08:00:00+00:00,91.36,91.48,90.94,91.19,91.17
2025-01-29T09:00:00+00:00,91.19,92.06,90.70,91.83,98.33
2025-01-29T10:00:00+00:00,91.83,92.07,91.59,92.04,86.04
2025-01-29T11:00:00+00:00,92.04,92.26,91.70,92.08,10.72
2025-01-29T12:00:00+00:00,92.08,92.68,91.94,92.31,51.75
2025-01-29T13:00:00+00:00,92.31,93.68,92.12,93.38,79.54
2025-01-29T14:00:00+00:00,93.38,94.52,93.37,93.92,10.57
2025-01-29T15:00:00+00:00,93.92,94.10,93.01,93.13,41.18
2025-01-29T16:00:00+00:00,93.13,94.52,93.11,94.00,69.16
2025-01-29T17:00:00+00:00,94.00,94.28,93.48,93.87,19.36
2025-01-29T18:00:00+00:00,93.87,93.91,93.00,93.11,99.73
2025-01-29T19:00:00+00:00,93.11,93.14,92.88,93.01,92.91
2025-01-29T20:00:00+00:00,93.01,93.99,92.93,93.78,97.71
2025-01-29T21:00:00+00:00,93.78,93.89,92.77,92.84,22.02
2025-01-29T22:00:00+00:00,92.84,92.99,92.55,92.89,96.78
2025-01-29T23:00:00+00:00,92.89,92.90,92.15,92.38,38.35
2025-01-30T00:00:00+00:00,92.38,93.16,92.36,92.72,34.48
2025-01-30T01:00:00+00:00,92.72,92.90,91.74,91.83,80.19
2025-01-30T02:00:00+00:00,91.83,91.92,91.11,91.28,46.59
2025-01-30T03:00:00+00:00,91.28,92.80,91.11,92.05,28.69
2025-01-30T04:00:00+00:00,92.05,92.27,91.57,91.70,71.74
2025-01-30T05:00:00+00:00,91.70,92.18,91.29,91.96,13.63
2025-01-30T06:00:00+00:00,91.96,92.51,91.77,92.28,42.02
2025-01-30T07:00:00+00:00,92.28,93.01,92.24,92.56,33.42
2025-01-30T08:00:00+00:00,92.56,92.69,92.28,92.69,77.33
2025-01-30T09:00:00+00:00,92.69,93.16,92.36,93.16,82.35
2025-01-30T10:00:00+00:00,93.16,93.20,92.75,93.16,21.76
2025-01-30T11:00:00+00:00,93.16,93.29,90.57,90.83,66.73
2025-01-30T12:00:00+00:00,90.83,91.15,89.99,90.02,11.96
2025-01-30T13:00:00+00:00,90.02,92.18,89.76,91.58,49.91
2025-01-30T14:00:00+00:00,91.58,93.32,91.45,92.85,13.84
2025-01-30T15:00:00+00:00,92.85,93.03,92.02,92.06,61.65
2025-01-30T16:00:00+00:00,92.06,92.65,91.61,92.38,25.55
2025-01-30T17:00:00+00:00,92.38,92.60,92.19,92.55,35.19
2025-01-30T18:00:00+00:00,92.55,92.71,92.39,92.66,36.56
2025-01-30T19:00:00+00:00,92.66,92.98,91.93,92.13,15.49
2025-01-30T20:00:00+00:00,92.13,92.29,91.77,91.97,57.32
2025-01-30T21:00:00+00:00,91.97,94.05,91.57,93.68,81.54
2025-01-30T22:00:00+00:00,93.68,95.22,93.44,95.18,53.62
2025-01-30T23:00:00+00:00,95.18,96.29,95.00,95.99,44.95
